Registered Agents in UAE,,,,,,,,,,,,,,,,,,,,,,,,,
Raw Data,,,,,,,,,,Enriched Data,,,,,,,,,,,,,,,
ID,Firm Name, Arabic Name, Email ,Phone, Emirate, Address ,,Address from License,Harmonized Phone Number,Principal Representative,Title of the Principal Representative,Team Member in AIPPI,Title,Contact of the Team Member,Team Member,Title,Contact of the Team Member,Firm Type ,Specialized in,Notes,Zone(Free Zone or Mainland),Type of Office,Headquarter,Rating,Explanation
126,ONE WORLD INTELLECTUAL PROPERTY L.L.C,ون وورلد للملكية الفكرية ش.ذ.م.م,dubai@oneworldip.com,,Dubai,"Bur Dubai Burj Khalifa/Office No. 2201 - 22nd Floor, Prism Tower, Business Bay. Dubai",,,,,,,,,,,,Full-Service International IP Boutique Firm,"Trademark, patents, utility models, industrial design, copyrights, domain names, Geographical Indications, Integrated circuits, plant varieties, IP Legal Services, Corporate and Commercial Servies, IP related serviices","One World Intellectual Property (OWIP) is a leading MENA IP firm with 50+ years of experience and 19 regional offices, offering end-to-end intellectual property services including registration, protection, enforcement, and litigation support. Backed by a global partner network, OWIP delivers reliable and innovative IP solutions locally and internationally.",,Physical,"Dubai, UAE- Declared HQ",5 star,
125,A & A INTELLECTUAL PROPERTY L.L.C,ايه & ايه للملكية الفكرية ذ.م.م,Anshad@aaconsultancy.ae,,Dubai,"Bur Dubai Trade Centre 2/Level 12,
Rolex Tower, Sheikh Zayed Road, ,
Near Financial Centre Metro Station,
Dubai, UAE",,,,,,,,,,,,Multi-Service IP Boutique & Business Consultancy firm.,"Decades of experience in intellectual property and related services ensure unparalleled knowledge and professional advice. (Trademarks, Patents, Industrial Designs, IP Portfolio Management, Anti-counterfeiting, Company Formation, Dispute Resolution and
IP Litigation, Legal Translation, Drafting & Reviewing of all types of Commercial Agreements, Copyrights, Franchising & Licensing)","A&A Intellectual Property delivers end-to-end IP services including trademark, patent, and copyright registration, IP strategy, enforcement, litigation support, and legal consultancy, helping businesses protect and manage their intellectual property locally and globally through a client-centric, innovation-driven approach",,Online Services but has Physical office,"Dubai, UAE- Declared HQ",2,
124,ABION INTELLECTUAL PROPERTY REGISTRATION L.L.C,ابيون لتسجيل المصنفات الفكرية ش.ذ.م.م,nicole.giblin@abion.com,,Dubai,"Bur Dubai Trade Centre 2/The Offices 4 One - Office 131-08, Level 8 - Central District - Dubai - United Arab Emirates",,"Office 131, Trade Centre 2",,Nicole Giblin,Partner | Co-Founder - Board member of AIPPI,,,,,,,"Global Intellectual Property Firm, Tech-Enabled Guardian, ICANN Accredited Registrar","Brand Freedom - They deliver full-circle IP solutions with worldwide protection and local precision, enabling you to place your focus elsewhere. We call it Brand Freedom.","Abion provides full-circle, commercially driven intellectual property and brand protection solutions, combining global reach with local expertise. Through an all-in-one platform, Abion delivers IP rights management, strategic domain name consulting, web security, IP and legal strategy, and brand protection and enforcement, supported by a strong presence across Europe, Asia, the UAE, and Australasia.",,Physical,"Dubai, UAE- Declared HQ",5 star,
123,JITENDRA INTELLECTUAL PROPERTY,جيتيندرا للملكية الفكرية,legalip@jitendragroup.ae,97143438022,Dubai,"Bur Dubai Trade Centre 2/Al Attar Tower - Office # 3006 B, 30th Floor - Sheikh Zayed Rd - near DIFC - Trade Center Second - DIFC - Dubai - United Arab Emirates",,,+971508729526,Jitendra Gianchandani,Chairman & CEO,,,,,,,"Professional IP Division of a Larger Consulting Group: Integrated IP Boutique, Regional MENA Agency",Patent & trademark prosecution; GCC filings.,"Jitendra Intellectual Property (JIP) is a Dubai-based intellectual property firm and registered trademark agent with the UAE Ministry of Economy, specializing in trademark, patent, copyright, and industrial design registration. As part of the Jitendra Consulting Group, JIP provides cost-effective, end-to-end IP registration and protection services, supporting individuals and organizations in establishing, managing, and enforcing IP rights across the UAE, the Middle East, and globally.",,Physical,"Dubai, UAE - Dubai (default – single office)",3,
122,A T B INTELLECTUAL PROPERTY L.L.C,ايه تي بي للملكية الفكرية ش.ذ.م.م,ANN.MANUYAG@ATB-IP.COM,97143753828,Dubai,"Bur Dubai Burj Khalifa/Bay Square Bldg. 8, Office 206 & 207
Business Bay, PO Box 97987,
Dubai, UAE",,,+97143753828,Hatem Abdelghani,Founder | Managing Director,,,,,,,"Enforcement and Anti-Counterfeiting: IP Enforcement Leader, Regional Boutique","Strategic advisory on IP protection matters and policies
Prosecution of Trademarks, Patents, Industrial Design, Copyrights, and Domain Names
Enforcement of IP Rights in the Middle East & North Africa Region as well as Eastern European Region.
Inspect and research on counterfeit activities
Follow up with customs and law enforcement agencies","ATB is an industry-leading intellectual property firm with nearly 30 years of experience, offering wide-ranging IP services including trademark prosecution, enforcement, patents, and related IP practices. Renowned for strengthening IP enforcement across multiple jurisdictions, ATB delivers client-focused, world-class solutions through a team of experienced IP professionals and strong global relationships with enforcement authorities, driven by a commitment to innovation, excellence, and continuous improvement.",,Physical,"Dubai, UAE - Dubai (default – single office)",2,
121,MONA DAGHER INTELLECTUAL PROPERTY L.L.C,منى داغر للملكية الفكرية ش.ذ.م.م,m.dagher@dagher-ip.com,+971508729526,Dubai,Deira Naif/Port Saeed 24B St.- Sapphire Tower- office #302,,,+971508729526,Mona Dagher,Owner | Manager,,,,,,,Specialized Legal IP Boutique,"IP Consultations Services, IP Portfolio Management, IP Enforcement & IP Litigation, IP Agreements, Trademarks, Patents, Industrial Design","DAGHER Intellectual Property is a leading IP services firm with a team of the best IP Experts, in patents, trademarks, IP Litigation, and translation in the Arab Region. Our objective is to meet our clients’ needs with high services quality, accuracy, and updated information; with competitive professional fees.",,Physical,"Dubai, UAE - Dubai (default – single office)",2,
120,TAYLOR WESSING LLP - DUBAI BRANCH,تايلر ويسينج م.ذ.م.م - فرع دبى,m.suboh@taylorwessing.com,971509859009,Dubai,Rolex Tower - 26th Floor - Sheikh Zayed Rd - Dubai - United Arab Emirates,,,+971509859009,Ronald Graham,Partner,Munir Suboh,"Partner- Legal, Technology,
Intellectual Property, Media,
Trademarks, Information (TIPI) ",m.suboh@taylorwessing.com,,,,"full-service, multi-disciplinary legal giant: Global ""Elite"" Law Firm, IP Powerhouse"," Legal services for Artificial intelligence, Banking & finance, Brands & advertising, Commercial & consumer contracts, Competition, EU & trade, Copyright & media law, Corporate crime & compliance, Corporate/M&A & capital markets, Data & cyber, Deals, Disputes & investigations, Employment, pensions & mobility, Environmental, planning & regulatory, Environmental, social & governance (ESG), Intellectual property, Information technology, Multi-service, Patents & innovation, Private client, Private equity, Projects, energy & infrastr, cture, Real estate & construction, Regulation
Restructuring & insolvency","Taylor Wessing is a global, future-focused law firm serving innovative businesses and individuals, with over 1,250 lawyers across 27 offices in 17 jurisdictions. Built on a history dating back to 1788, the firm delivers cross-border legal solutions through sector-focused expertise, collaborative problem-solving, and a commitment to challenging expectations in the world’s most dynamic economies.",,Physical,"London, United Kingdom- Overseas HQ	DIFC",5 star,
119,OSHA BWB INTELLECTUAL PROPERTY L.L.C,اوشا بي دبليو بي للملكية الفكرية ش.ذ.م.م,motasemag@obwbip.com,48187297,Dubai,"Office No. 3003-06, Business Bay/Trade Center Second - Dubai - United Arab Emirates",,,+97148187297,Jonathan P. Osha,Global Chair,,,,Ahmad Hussain Alsurkhi,Patent Engineer,"
alsurkhi@obwb.com",Global Full-Service Intellectual Property Law Firm,"patents, copyrights, trademarks, trade secrets, and unfair competition. At OBWB we strategize, prepare and file, negotiate, license, enforce and defend, and facilitate monetizing intellectual property assets","OBWB is a global IP law firm with offices in the US, France, Japan, China, and the UAE, offering end-to-end services in patents, trademarks, copyrights, trade secrets, and unfair competition. Leveraging its global team’s expertise, OBWB provides tailored solutions with meticulous attention to each client’s needs.",,Physical,"Dubai, UAE - Dubai (default – single office)",5 star,
118,SARAYA INTELLECTUAL PROPERTY SERVICES,سرايا لخدمات الملكية الفكرية,abaderov@hotmail.com,971557284435,Dubai,"SARAYA Intellectual property
Clover Business Center
Office 806-045 Business Bay
Dubai,United Arab Emirates",,,+971557284435,,,,,,,,,Specialized IP Law Firm,"Patent prosecution and litigation, Design prosecution and litigation, Trademark registration and enforcement, Copyright registration and enforcement, IP licensing and agreements, IP due diligence and opinion work","Quick turnaround for standard registrations. Competitive.a Dubai-based IP law firm providing high-quality, client-focused intellectual property services across 120+ countries.",,Physical,"Dubai, UAE - Dubai (default – single office)",,
117,MARKS N BRANDS INTELLECTUAL PROPERTY,ماركس ان براندز للملكية الفكرية,uaeip@marksnbrandsip.com,971567083882,Dubai,"Office#203
Ministry of Education Building(Dubai Zone), Next to Al Tawar Centre, P.O Box : 234824, Dubai, United Arab Emirates.",,,+971567083882,Mahin Muhammed,Senior Associate - IP,,,,,,,"IP Consultancy & Strategy Firm, Asset-Focused Boutique","Brand monitoring & Trademark registration: Patents & Trademark Commercialization, Licensing & Franchise, IP Due Diligence, Brand Valuation, Domain Names, IP Rights Counselling","Marks n Brands Intellectual Property (MnBIP) is a Dubai-based IP firm specializing in the selection, registration, protection, and maintenance of trademarks, patents, industrial designs, and copyrights across the Middle East. Serving small, medium, and large clients, MnBIP delivers high-quality, client-focused services through its Dubai office and partner offices, ensuring confidentiality, security, and adherence to the highest professional standards.",,Physical,"Dubai, UAE - Dubai (default – single office)",,
115,ATB GLOBAL PATENT AND TRADE MARKS AGENTS,اى تي بي جلوبال لوكلاء تسجيل براءات الاختراع,asha@atblegal.com,+971 2 886 9955,Abu Dhabi,"ATB Global Patent and Trademarks Agents LLC SPC
Office 1325, Dar Al Salam Building
Corniche, P.O. Box 6157
Abu Dhabi, UAE",,,+97128869955,Asha Treesa Bejoy,Founder | Managing Partner,,,,Sudha Sampath,Associate Partner,,Full-Service Legal Consultancy and IP Agency,"Trademark Search & Clearance, Trademark Filings & Registrations, Facilitation for Non-Madrid Countries, Renewals & Maintenance, Trademark Watch & Monitoring, Opposition, Cancellation & Enforcement, Trademark Licensing & Assignments, Cease-and-Desist Actions, IP Due Diligence, Patent Search & Analysis, Patent Drafting & Filing, National & International Filings, Patent Prosecution, Technology Transfer & Licensing, Patent Enforcement, Copyright Registration & Advisory, Software & App Protection, Licensing, Assignment & Commission Agreements ","ATB Legal is a full-service legal consultancy in the UAE with offices in Abu Dhabi and Ras Al Khaimah. We also work with a network of firms in the wider GCC, India, the UK, Singapore and Africa. Our UAE office is registered with the DIFC Courts and the ADGM Courts, and has full rights of audience. We also represent clients before various arbitral tribunals including the DIAC and the ICC. For mainland court litigations, ATB Legal works very closely with reputed Emirati firms.",,Physical,"Dubai, UAE - Dubai (default – single office)",,
114,DESTEK INTELLECTUAL PROPERTY,ديستيك للمصنفات الفكرية,adel.abdelhamid@destekmena.com,97142690673,Dubai,"Level 12, Rolex Tower, Sheikh Zayed Road",,,+97142690673,Kemal YAMANKARADENIZ,Chairman of the Board,,,,Faruk YAMANKARADENIZ,Chief Executive Officer,,International Intellectual Property Consultancy and Agency,"Portfolio Management, Examination of Similarity, Opposition and Administrative Appeal, Trademark Valuation, Trademark Monitoring, Patent Drawing, Patent Drawing, Portfolio Management, Infringement Analysis, Patent Operation System (PATSIS)
","Destek Patent, established in 1983, is a full-service IP firm with 11 offices in Türkiye and 4 regional offices in the UAE, Kazakhstan, Switzerland, and the UK, providing comprehensive IP services across 195 countries. Its expertise includes trademarks, patents/utility models, copyrights, designs, geographical indications, and plant varieties, as well as IP searches, infringement analysis, sector studies, branding creation, and employee IP training. Destek Patent is distinguished by high-value consultancy services, certified quality (ISO 9001, ISO 10002, ISO 10668, ISO 27001), and a commitment to raising IP awareness, contributing to the founding of key professional associations in Türkiye.",,Unknown,"Istanbul, Turkey- Overseas HQ",,
113,Amr Eldakak Intellectual property,عمرو الدقاق للملكية الفكرية ش.ذ.م.م,amr@eldakakip.com,971500000000,Dubai,"P.O. 123337, Dubai, UAE",,"Office 1914, Burj Kha, عباسملك- 1914-285بردبي -خان جول فيضالتجاري-الخليج",+971500000000,Dr. Amr Eldakak,Owner | Manager,,,,,,,Specialized Intellectual Property Law Boutique,"IP search, IP strategy advice, IP training ,IP translation, Patent annuity payment, Patent drafting, Patent filing and / or prosecution, Trademark registration / application / filing, Trademark renewal payment. Field: Artificial Intelligence, Biology and biotechnology, Chemical engineering, Civil engineering, Electrical engineering, electronic engineering, information engineering, Environmental engineering, Health sciences","Amr Eldakak Intellectual Property (AEIP) is a Middle East-based IP firm providing comprehensive services in patents, trademarks, industrial designs, and utility models with global reach and high-quality standards. Founded by Dr. Amr Eldakak, a US-registered bilingual patent agent with international experience, AEIP offers strategic IP counseling to clients of all sizes, bridging Western and Eastern IP practices to help protect and maximize the value of innovations.",,Physical,"Dubai, UAE - Dubai (default – single office)",5 star,
112,Palladium Intellectual Property,بالاديوم لتسجيل المصنفات الفكرية,info@palladium-ip.com,45935511,Dubai,"Office No. 104, Level 1 Emaar Square Building 4,
Sheikh Mohammed Bin Rashid Boulevard,
Downtown Dubai, United Arab Emirates",,,+97145935511,Simba Makahamadze,Managing Partner,,,,Khalid Elkhabir,"Senior Partner, Intellectual Property Law.",,Boutique IP Consulting and Management Firm,"Trademarks, Industrial Designs, Patents, IP CONSULTING & ADVISORY, COMPANY SETUP AGENCIES SUPPORT, IP TRAINING","PalladiumIP™ Consultants is a premier IP consulting firm providing end-to-end services from IP creation to commercialization. The firm offers strategic protection for trademarks, patents, and other IP assets, including searches, filing, prosecution, portfolio management, and watch services across Zimbabwe, ARIPO, OAPI, UAE, GCC, and global markets through a network of associates. With a focus on innovation, commercial value, and tailored strategies, PalladiumIP™ helps clients safeguard and maximize the potential of their intellectual property.",,Physical,"Dubai, UAE - Dubai (default – single office)",,
110,Hamad Al-Rahma Advocates,حمد الرحمة للمحاماة والاستشارات القانونية,info@primecase.com,97144227465,Dubai,"Park Place Building, 14th Floor, Trade Center 1, Dubai, United Arab Emirates",,,+97144227465,Mohammad A. El Ghul,,,,,,,,Full-Service Emirati Law Firm,IP litigation & Commercial disputes.,"Primecase is a UAE-based law firm specializing in complex litigation, commercial disputes, and niche areas such as bankruptcy, insolvency, banking and finance litigation, intellectual property disputes, construction, and employment law. Known for practical, innovative solutions, the firm advises clients across commercial, corporate, retail, healthcare, pharmaceuticals, education, and luxury sectors, handling cases at all stages including appeal and enforcement of arbitration awards. Primecase provides end-to-end legal support, from risk mitigation and strategic counsel to representation in UAE courts and before regulatory authorities.",,Physical,"Dubai, UAE - Dubai (default – single office)",,
108,Audiri Vox Intellectual Property,اودرى فوكس لإدارة الحقوق والملكيات الفكرية,global@audirivox.com,45826655,Dubai,"309 Churchill Tower, Business Bay, Dubai, United Arab Emirates",,,+97145826655,Sarmad Hasan Manto,Managing Partner,,,,Divyendu Verma,Head of Global Patents,,"Multinational IP Powerhouse, Global IP Firm, Full-Service IP Firm","Anti-counterfeiting, franchising, IP Valuation, Expert reports, Publication",Operates a massive global network; high volume. Institutional.,,Unknown,"Dubai, UAE - Dubai (default – single office)",,
107,DR. SARHAN ALMUAINI ADVOCATES,الدكتور سرحان المعيني للمحاماة,info@drsarhanlawyer.ae,42324000,Dubai,"1002, The Oberoi Centre, Business Bay, Dubai, United Arab Emirates",,,+97142324000,DR. SARHAN ALMUAINI,Owner,,,,"Aladdin Abdullah
",Senior Legal Advisor,,Full-Service Emirati Legal Practice,"provides comprehensive intellectual property services in the UAE and MENA region, including trademark, copyright, and patent registration, product registration, IP litigation and enforcement, due diligence, licensing and franchising agreements, and IP audits. The team offers expert guidance to help clients navigate domestic and international IP landscapes, protecting innovations, trade secrets, and commercial interests.","Dr. Sarhan Almuaini Law Firm & Legal Consultancy, founded in 2017 in Dubai, provides client-focused legal services across all aspects of litigation. With a team of highly trained and experienced attorneys, the firm offers realistic advice, prepares legal documentation, and represents clients in court, arbitration, mediation, and negotiation, delivering effective solutions while upholding integrity, professionalism, and a strong track record of favorable results.",,Physical,"Dubai, UAE- Declared HQ",,
106,O W N Intellectual Property L.L.C,او دبليو ان للملكية الفكرية ذ.م.م,efiling.ae@ownership.asia,971505596731,Dubai,"IPO Box 418132, 503 Capital Golden Tower, Business Bay, Dubai, United Arab Emirates",,,+971505596731,Rob Deans,Principal,,,,Coral Toh,Principal,"
coral.toh@ownership.asia",pecialized boutique IP consultancy,Digital IP & Trademark filing.,Specialist in tech-sector and online brand protection. Standard.,,Physical,"Dubai, UAE - Dubai (default – single office)",2,
104,Noura Almaazmi Advocate,نورة المازمي للمحاماه والاستشارات القانونية,admin@almaazmilawyers.com,97142413555,Dubai,"1702, The Oberoi Center, Business Bay, Dubai, United Arab Emirates",,,+97142413555,,,,,,,,,Full-Service Emirati Law Firm,Full-Service Emirati Law Firm,"Noura Almaazmi Advocates & Legal Consultancy is a Dubai-based law firm offering multidisciplinary legal services to individuals, entrepreneurs, SMEs, and corporates. With an experienced team averaging 22 years in practice, the firm provides tailored advice, develops strategic action plans, and delivers innovative solutions to meet clients’ goals effectively.",,Physical,"Dubai, UAE - Dubai (default – single office)",,
103,Baianat IP Intellectual Property,بيانات اي بي للملكية الفكرية,aepto@baianat-ip.com,43687393,Dubai,"Office 1510, Churchill tower, Business Bay, Dubai, United Arab Emirates",,,+97143687393,,,,,,,,,regional IP powerhouse,"GCC-wide filings & Anti-counterfeiting, IP Related
Services, IP legal
Services, IP Rights Registration &
Maintenance, Patents Related
Services, Corporate &
Commercial Law, Trademarks Related
Services","Baianat Intellectual Property is a leading IP firm operating across the Middle East and North Africa with 25+ offices in 15+ countries. With extensive experience and a global network of IP experts, the firm helps businesses identify, protect, develop, and enforce their IP rights, delivering efficient, high-quality services with a focus on innovation, workflow optimization, and quick turnaround times..",,Physical,"Dubai, UAE - Dubai (default – single office)",,
102,The Legal Group Advocates,المجموعة القانونية محامون ومستشارون,patents@tlg-ip.com,97144225831,Dubai,"Saha Offices block C, Souk al Bahar",,,+97144225831,Saif Alshamsi,Founder | Managing Partner,,,,,,,Boutique Law Firm,Market raids & IP enforcement.,"The Legal Group (TLG), founded in 1998 by Saif Saeed Rashid Al Shamsi, is a boutique UAE law firm committed to excellence in legal practice. TLG’s team of skilled lawyers provides strategic, client-focused legal services, combining rigorous advocacy with diplomatic negotiation, guided by a philosophy of superior, judicious representation.",,Physical,"Dubai, UAE - Dubai (default – single office)",,
100,Lavender Intellectual Property,لافندر للملكية الفكرية,info@lavenderip.com,2-6279440,Abu Dhabi,"Dar Al Salam Building, 13 floor, Cornich Road, Abu Dhabi, UAE",,,+97126279440,,,,,,,,,Specialized IP Boutique,"Abu Dhabi registrations & renewals, Regional GCC Expert","Lavender is an IP firm specializing in the protection of intellectual property rights, including trademarks, patents, copyrights, and industrial designs. The firm provides comprehensive support and guidance to help clients safeguard their innovations and creative works, delivering high-quality, professional services to ensure legal protection and commercial success.",,Physical,"Dubai, UAE - Dubai (default – single office)",,
99,AL NAWRAS INTELLECTUAL PROPERTY,النورس للملكية الفكرية و الاستشارات,info@aipmcae.com,971564633944,Dubai,"Office No. 811/2 Marasi Dr , Business Bay , Dubai, United Arab Emirates",,,+971564633944,Awaad Al-zboon,Management Team,,,,,,,IP law firm,"IP funding, IP licensing, IP search, IP strategy advice, IP training, IP translation, IP valuation, Litigation, Negotiation, Opposition, Other IP consultancy services (also IP management advice), Other IP legal services (also IP in contracts), Patent annuity payment, Patent drafting, Patent filing,or prosecution, Representation in court, Representation in front of IP office, Trademark design ",Focuses on IP valuation and commercialization. Standard.,,Physical,"Dubai, UAE - Dubai (default – single office)",,
98,SYMONS INTELLECTUAL PROPERTY LLC,سايمونس انتكليكتشول بروبيرتي ش.ذ.م.م,kate@symonsip.com,528903087,Dubai,"Office 307, Building 6, Bay Square, Business Bay,
P O Box 75633, Dubai, UAE",,,+971528903087,Kate Symons,Founder,,,,,,,Boutique Intellectual Property (IP) law firm,"Brand strategy, clearace searching, trademark registration, trademark surveillance, and enforcement & commersialization","SIP combines in-house and private practice expertise to deliver clear, consistent, and tailored intellectual property guidance. Supporting blue-chip corporations, SMEs, start-ups, and IP professionals, SIP offers hands-on partner expertise to help clients confidently navigate IP matters across the Gulf region—recognizing that no single solution fits all.",,Physical,"Dubai, UAE- Declared HQ",2,
97,B S A AHMAD BIN HEZEEM & ASSOCIATES,بي اس ايه أحمد بن هزيم و مشاركوه,maysa.hasan@bsabh.com,43685555,Dubai,Business Bay - Office 2008-43,,,+97143685555,Jimmy Haoula,Managing Partner,,,,Felicity Hammond,Head of Intellectual Property,felicity.hammond@bsalaw.com,Not an SRA-regulated law practice,"Clearance availability searches for trademarks, designs and patents, Maintenance of trademarks and enforcement, Negotiating, drafting and recording licenses and assignments of IP rights including licenses and distribution, franchise and joint venture agreements, IP due diligence, asset audit and management, Pharmaceutical and regulatory advice, Regulatory and compliance work, Consumer Protection, Labelling and standards compliance, Overseeing IP portfolio, preparing and filing applications and processing them to registration, Transferring title for all forms of IP, Commercialization of IP and support to corporate transactions, Privacy and data protection, Media content protection, Domain name protection and UDRP, Competition law","BSA Ahmad Bin Hezeem & Associates, established in 2001, is a leading Middle East law firm with nine offices across five countries. Founded in Dubai and grown organically, BSA delivers premium legal services through a modern, market-driven approach. Known for its cultural insight, deep expertise, and powerful regional network, BSA goes beyond traditional legal advice—connecting people, fostering collaboration, and driving meaningful change across the region.",,Physical,"Dubai, UAE- Declared HQ",3,
96,Al Rasheed & partners,الرشيد و مشاركوه,dubai@alrasheed.ae,42999991,Dubai,"602 Business Point Building
Port Saeed Deira,  Office 602, Dubai, United Arab Emirates",,,+97142999991,Ahmed Al Rasheed,Founding Partner,,,,Rashid Al Rasheed,Co-Founding Partner,,"full-service, Emirati law firm","Intellectual Property Consultation, Trademark Registration, Trademark Renewal, IP (Intellectual Property) Assignment Deed, Trademark Audit, Copyright Review, IP Health Check","Al Rasheed & Partners, established in 1981, is a highly respected UAE law firm with offices in Dubai and Sharjah. Known for its ethical practice, client-centric approach, and experienced legal team, the firm provides tailored legal solutions to individuals, businesses, and multinational corporations. With decades of expertise and a strong reputation for integrity, Al Rasheed & Partners delivers reliable, transparent, and comprehensive legal services across a wide range of sectors.",,Physical,"Dubai, UAE - Dubai (default – single office)",3,
95,HADEF & PARTNERS L.L.C,هادف و شركاوه ذ.م.م,k.mirza@hadefpartners.com,971502684200,Dubai,"Building 3, Level 5, Downtown Dubai, United Arab Emirates",,,+971502684200,Dr. Hadef Al Dhaheri,Founding Partner,,,,Richard Briggs,"Executive Partner, Dubai",r.briggs@hadefpartners.com,"leading independent, full-service UAE law firm","Advertising, Confidential Information / Trade Secrets, Contentious Intellectual Property, Copyright, Designs, IP Commercialisation, IP Enforcement, IP Portfolio Management, Trademarks","Hadef & Partners is a leading UAE law firm with over 40 years of experience guiding clients through change with clarity and confidence. Known for its integrity, strategic insight, and sector-focused expertise, the firm delivers bespoke legal advice that helps businesses grow, protect assets, resolve disputes, and stay ahead in an evolving legal and commercial landscape—where legacy meets vision.",,Physical,"Abu Dhabi, UAE- Overseas HQ  DIFC",4,
94,Bird & Bird (MEA) LLP,بيرد أند بيرد ( أم إي أيه ) ال ال بي,Patent.Design@twobirds.com,00971-026108100,Abu Dhabi,"Level 14, Burj Daman, DIFC, PO BOX 507110, Dubai, United Arab Emirates",,,+971026108100,Melissa Murray,Partner,,,,Saarah Badr,Senior Counsel,saarah.badr@twobirds.com,"major international, full-service law firm","Copyright & related rights, Patents, Product Design, Trade Marks & Brands, Transactional IP","Bird & Bird is a global law firm specialising in intellectual property, trusted by innovation-led businesses to protect, manage, and enforce IP rights worldwide. Combining deep legal expertise with real industry and in-house experience, the firm delivers commercially focused, forward-looking IP strategies that help clients protect innovation, unlock value, and maintain a competitive edge across markets.",,Physical,"London, United Kingdom- Overseas HQ DIFC",5 star,
89,Alyafi IP group S.A.L,شركة اليافي أي بي غروب اوف شور,patents@alyafi-ip.com,561611360,Sharjah,"Megamall Tower Plot 260 , Office number 4017-03, Level 4 PO Box 73500Bu Daniq Al Qassimia, UAE",,,+971561611360,Mowafak Alyafi,Managing Partner,,,,Tima Hachem,Partner,thachem@alyafi-ip.com,Majority Women-Owned and Operated Innovation Boutique in the GCC,"Intellectual Property in M&A Transactions, Intellectual Property Legal Services, IP Services, Intellectual Property Strategy and Consulting, IP Commercialization
","Alyafi IP Group is an innovation consulting boutique operating across New York, the GCC, and the MENA region. With roots dating back to 1975 through Yafi & Co., the group brings decades of experience in intellectual property, innovation strategy, commercialization, and technology transfer. Backed by a multidisciplinary team and a strong international network, Alyafi IP Group delivers integrated, regionally focused solutions and is proudly the only majority women-owned and operated innovation boutique in the GCC and Middle East.",,Physical,"Beirut, Lebanon - Overseas HQ",4,
88,Kadasa Intellectual Property Co.,شركة كدسه للملكية الفكرية - فرع دبي,info.uae@kadasa.com.sa,04-2552950,Dubai,"Office 1501, Deira, Raqa Albutain, Dubai, United Arab Emirates",,,+971042552950,,,,,,,,,premier independent Saudi Arabian law and consultancy firm,"IP Registration &
Protection, Enforcement &
Dispute, IP Management and
Strategy, Specialized Legal
Services","Kadasa Company for Legal Consultations and Intellectual Property, established in 1978, is a licensed and accredited Saudi firm specialising in trademarks and intellectual property services. With over 45 years of experience across Saudi Arabia, the MENA region, and international markets, Kadasa supports local and global clients with complex IP portfolio registrations and multi-jurisdictional matters, backed by strong international partnerships and sector-specific expertise, including pharmaceuticals.",,Unknown,"Riyadh, Saudi Arabia- Overseas HQ Dubai",,
87,Leader Consulting LLC,ليدر للاستشارات ذ.م.م,cs@leader.ae,43343000,Dubai,"Bur Dubai, Bur Saeed",,,+97143343000,Ismail Alkhezani,Trademark Consultant,,,,Hamad Ahmed Alwari,Development Manager,,full-service Emirati law firm.,"Trademark, copyright, industrial models, exclusive commercial agencies, agencies services","Leader Consulting is an Emirati intellectual property firm established in 2004 by brothers Ismail and Youssef Al-Khuzani. Specialising in trademarks and IP advisory services, the firm is supported by experienced examiners and IP specialists. Based in the Ministry of Economy building at Central Park Towers, Dubai International Financial Centre, Leader Consulting is known for its credibility, strategic guidance, and strong global network of partners and agents.",,Physical,"Dubai, UAE - Dubai (default – single office)",2,
86,Gowling WLG IP L.C.C,جاولينغ دبليو ال جي أي بي ذ.م.م,mea-ip@gowlingwlg.com,04-4375100,Dubai,"Office No. 5, Business Bay, Dubai, United Arab Emirates",,,+971044375100,Peter Anagnostou,Partner,,,,Arwa Abdeh,Associate,arwa.abdeh@gowlingwlg.com,"major international, full-service law firm","Brand Protection, IP Litigation & Strategy, Patents, Trade Secrets Law, Trademarks, Brands & Designs","Gowling WLG is a sector-focused international law firm built on the belief that legal matters are ultimately about people. Going beyond traditional legal advice, the firm partners closely with clients to anticipate challenges, deliver proactive and responsible solutions, and create positive business outcomes. Known for its collaborative approach and shared values, Gowling WLG supports clients in navigating modern business realities with confidence and purpose.",,Physical,Canada / United Kingdom- Overseas HQ	DIFC,5,
85,AIPT Intellectual Property Rights,ايه اي بي تي لادارة الحقوق و الملكيات,dubai@aiptlaw.com,97142987822,Dubai,"Al Shoala Building Block E, Deira, Dubai, United Arab Emirates",,,+97142987822,,,,,,,,,IP Management,IP enforcement & Brand monitoring.,Efficient in handling large trademark portfolios. Corporate.,,Physical,"Dubai, UAE - Dubai (default – single office)",,
80,Dennemeyer and Associates S A,دينيماير اند اسوسيتس اس ايه.,info-ae@dennemeyer-law.com,04/4303943,Dubai,"Regal Tower office 608, Business Bay, Dubai, United Arab Emirates",,,+971044303943,Tamara Damian,IP Data Analyst & Onboarding Manager,,,,Shaukat Ali,Trademark Lawyer,,"global, full-service intellectual property (IP) law firm","Trademark Protection, Design Protection, Patent Protection, Intellectual Property Defense",Specialized in global annuity and renewal services. Institutional.,,Physical,Luxembourg- Overseas HQ,4,
79,Specialized Trademark Services,سبيشلايزد لخدمات العلامات التجارية,ip@specialized.com,42556824,Dubai,"Office 302, Almuraqabat, , Dubai, United Arab Emirates",,,+97142556824,,,,,,,,,Trademark Agency,"law firm for intellectual property matters,trademark and copyright consultancy","Focused purely on ""soft IP"" (brands/logos). Competitive.",,Physical,"Dubai, UAE - Dubai (default – single office)",2,
76,Legal Maxims Consultants,حكمة القانون للاستشارات,mail@legalmaxims.com,971 4 227 8125,Dubai,"ARZOO BUILDING, Centre , Office 109 1 16 St - adjacent to Al Twar, Al Twar 5 , Dubai, United Arab Emirates",,,+97142278125,,,,,,,,,multidisciplinary international law and corporate consultancy firm.,"Copyright Registration, Trademark Registration Service, Industrial Design Registration & Enforcement","Legal Maxims is a UAE-based firm uniquely offering both legal and corporate services under one roof. Known for delivering proactive, practical, and cost-effective solutions, the firm combines global expertise with strong commercial insight. With a client-focused approach and a commitment to service excellence, Legal Maxims supports businesses and individuals with efficient, end-to-end legal and corporate advisory services.",,Physical,"Dubai, UAE - Dubai (default – single office)",,
73,NAS & Associates,ناس اند اسوشيوتس,nas@naslaw.com,42948144,Dubai,"Business Avenue Building, Port Saeed, Dubai, United Arab Emirates",,,+97142948144,Nour Saleem,"Managing Director
of NAS & Associates
Dubai UAE",,,,,,,Boutique Agency,"
Intellectual Property, Trademark Registration, Copyright Registration, Expert Witness, Domain Dispute, IP Consulting","NAS & Associates is a Trademarks & Patent Agency founded in 2009 by Nour Saleem (L.L.B), a specialist in intellectual property. Mr. Saleem is a well-known Registered Trademark & Patent Agent at the UAE Trademark & Patent Offices and has been a Regulated Intellectual Property Witness Expert at Dubai Courts since January 2017, providing expert assistance to the Judicial Authority in Dubai.",,Physical,"Dubai, UAE - Dubai (default – single office)",,
71,Al Rowad International IP,الرواد الدولية للملكية الفكرية,info@alrowadip.com,04-5574811,Dubai,"Office 1005, DAMAC XL Tower, Business Bay, Dubai, United Arab Emirates",,,+971045574811,Mohammad Abudaka,Founder & Managing Director,,,,Ernesto Alvarez,Senior IP Paralegal & International Consultant,,Full-service IP firm,"Trademarks,  Patents, Industrial Design,  Copyright, Trademark Watch,  Consultancy","Alrowad International Intellectual Property is a full-service IP firm in Dubai, UAE, founded by Mohammed Abudaka (practicing since 2005). We specialize in trademarks, patents, designs, copyrights, and domain names, offering services from acquisition to enforcement, including IP searches, monitoring, anti-counterfeiting actions, and legal prosecution.",,Physical,"Dubai, UAE - Dubai (default – single office)",2,
70,JAH INTELLECTUAL PROPERTY L L C,جاه للملكية الفكرية ذ م م,UAE@jahcoip.com,42358588,Dubai,"Office 218, Bur Dubai, Um herair 1, Dubai, United Arab Emirates",,,+97142358588,Jehad Ali Hasan ,Founder & CEO,,,,Ashin Chungath LL.M,IP Consultant Manager,,boutique regional intellectual property (IP) law firm,"Trademark,  Patent, Copyright, Anti-Counterfeit/Anti-Piracy, Litigation Legal Advisory, Other IP Advisory","JAH & CO. IP is a leading regional IP firm offering protection, registration, enforcement, infringement monitoring, and legal representation across the Middle East and Africa. With fully staffed offices and affiliated firms, we coordinate activities through a single point of contact, delivering high-quality, prompt, and precise IP services.",,Physical,"Dubai, UAE - Dubai (default – single office)",2,
69,Markmirror Intellectual Property,مارك ميرور لخدمات الملكية الفكرية,Pto@markmirror.com,04-2729900,Dubai,"Office 101-5, Emitac Building, Garhoud, Dubai, United Arab Emirates",,,+971042729900,Abdel Latif Mostafa,Founder,,,,Dhanyasree K.V.,Office Manager,,specialized intellectual property (IP) firm,"Trademarks, Patents, Industrial Designs, Copyrights, Domain Names, Plant Variety, Legal Consultancy, IP enforcement, Customs Registration","MarkMirror IP, established in 2010 in the UAE, is a registered agent specializing in filing, prosecution, and protection of all types of intellectual property rights. With over 25 years of collective experience, we serve clients locally and in over 40 countries, offering IP registration, enforcement, and legal consultation through strategic partnerships with leading UAE law firms.",,Physical,"Dubai, UAE - Dubai (default – single office)",2,
65,Axiom Mark Intellectual Property,أكسيوم مارك انتلكتشوال بروبرتي,ip@axiom-mark.com,971-43374555,Dubai,"Al Manara Tower, 16th Floor, Business Bay, Post Box 118587, Dubai, United Arab Emirates",,,+97143374555,,,,,,,,,multidisciplinary international consultancy and intellectual property (IP) law firm,"Services, Patent, Industrial Design, Copyright, IP Portfolio Management, IP Litigation, Anti-Counterfeiting, Franchising & Licensing","Axiom Mark is a leading IP firm based in Dubai, UAE, offering cost-effective and efficient services for the acquisition, registration, protection, enforcement, and commercialization of trademarks, patents, designs, and copyrights. Since 2008, the firm has managed tens of thousands of IP applications across 107 jurisdictions, serving high-profile clients, including Fortune 500 companies. Its expertise helps clients gain a competitive edge, safeguard their IP, and maximize its commercial value globally.",,Physical,"Dubai, UAE - Dubai (default – single office)",5 star,
63,Acto Mark International IP,اكتو مارك انترناشيونال للملكية الفكرية,info@actomark.com,508803310,Dubai,"office No. 5, Khalifa Al Muhair Building, Deira, Dubai, United Arab Emirates",,,+971508803310,Ahmed El Komy,Manager | Partner,,,,,,,IP Consulting,"IP licensing, IP search, IP translation, Opposition Patent annuity payment, Patent filing and / or prosecution, Representation in front of IP office, Trademark registration / application / filing, Trademark renewal payment",Reliable firm for technical filing services. Standard.,,Physical,"Dubai, UAE - Dubai (default – single office)",,
61,Cedar White Bradley Consulting,سيدر وايت برادلي للاستشارات,officialnotices@cwblegal.com,43297588,Dubai,"Burj Al Salam, Sheikh Zayed Road/ PO Box 66300, Dubai, United Arab Emirates",,,+97143297588,Claudia Berndt,Partner | HEAD OF MENA PATENTS,,,,Theuns Van De Merwe,Partner,theuns.vandemerwe@cwblegal.com,"super-regional, full-service intellectual property (IP) firm","Trademarks & Copyright, Patents & Designs, Technology, Media & Entertainment, Anti-counterfeiting","CWB is an intellectual property consultancy providing services across 22 countries in the Middle East and North Africa. The firm advises clients—from start-ups to multinational corporations—on obtaining, managing, protecting, enforcing, and commercializing their IP. CWB serves diverse industries, including oil & gas, technology, media, pharmaceuticals, luxury goods, FMCG, and more.",,Physical,"Dubai, UAE - Dubai (default – single office)",4,
60,Clyde & Co LLP,كلايد اند كو ال ال بي,ip@clydeco.ae,26446633,Abu Dhabi,"Nahyan Building, Tourist Club/Level 15,  Rolex Tower, Sheikh Zayed Road,PO Box 7001
Dubai, United Arab Emirates",,,+97126446633,Sara Aalamri,Partner,,,,Abdulaziz Al-Bosaily,Partner,abdulaziz.albosaily@clydeco.com,"top-tier global, full-service law firm","All Intellectual Property, Commercial IP
Copyright & Design Rights, Patents & Trade Secrets, Trade Marks & Brands","Clyde & Co is a global law firm with over 5,500 professionals across nearly 70 offices worldwide. For 90 years, it has provided integrated legal services in disputes, regulatory, and transactional matters, supporting businesses at the heart of global trade. The firm is committed to client-focused, commercially-minded advice, innovation, and responsible business practices, including environmental sustainability, community engagement, and diversity and inclusion.",,Physical,"London, United Kingdom- Overseas HQ	DIFC",5,
59,DLA Piper Middle East LLP,دي ال ايه بيبر ميدل ايست ال ال بي,,04-4386100,Dubai,"Level 9, Burj Khalifa/ PO Box 121662
Level 10, Standard Chartered Tower, Downtown Dubai, United Arab Emirates",,,+971044386100,Paul Allen,Partner,,,,Sean C. Cunningham,Partner,sean.cunningham@dlapiper.com,"global, full-service law firms","Advertising, Marketing and Promotions, Franchise, Patent Litigation, Patent Development and Strategy, Trade Secrets, Trademark and Copyright Counseling, Strategy, Enforcement and Prosecution, Trademark, Copyright Litigation, Technology and Commercial Transactions","This Middle East–focused law firm is one of the largest and most established in the region, with offices in the UAE, Saudi Arabia, Qatar, Bahrain, and Oman, and expertise extending to Jordan, Turkey, and Lebanon. The firm provides tailored legal advice grounded in local laws, cultural insights, and business context, helping clients navigate complex regulatory landscapes, expand operations, and achieve strategic goals across the Middle East and beyond.",,Physical,USA / United Kingdom- Overseas HQ DIFC,,
58,Abutaha Intellecctual Property,أبو طه للملكية الفكرية,abip@abutaha.ae,04-2959552,Dubai,"Office # 704, 7th Floor, City Avenue Building, Port Saeed Road, P.O. Box 116670, Deira,
Dubai, United Arab Emirates",,"Office 704, Port Saeed
PO Box: 214401",+971042959552,,,,,,,,,specialized boutique intellectual property (IP) law firm and consultancy,"Trademark , Patent , Copyright, Industrial Design, Anti Counterfeit, Intellectual Property Services, Legal Translation, Social Media Services, Company Set-up
","Abutaha Intellectual Property (ABIP) has over 20 years of experience in IP practice. The firm specializes in providing national and international IP services, including advisory, enforcement, and litigation. ABIP’s team of local lawyers, of-counsels, and IP experts ensures comprehensive and cost-effective management of clients’ intellectual property rights.",,Physical,"Dubai, UAE - Dubai (default – single office)",5 star,
55,Qumsieh Intellectual Property,قمصية للملكية الفكرية,info@qumsieh.com,+971 4 2722175,Dubai,"1st Floor, EBMC Building, Al Garhoud/​B2B Office Tower​106, Marasi Drive​12 Floor, Office 120127205 87240, Business Bay, Za'abeel, Dubai, United Arab Emirates",,,+97142722175,,,,,,,,,IP Consulting,Patent & trademark prosecution.,Known for regional filings and reliability. Corporate.,,Unknown,"Amman, Jordan- Overseas HQ  Dubai",,
54,Nassir Kadasa and Partners Co,شركة ناصر كدسه وشركاؤه,info.uae@kadasa.com.sa,966-11-4792053,Dubai,"Green Tower, Office 1501, Deira, Dubai, United Arab Emirates",,,+966114792053,Nassir Bin Ali Bin Kadasa,Founder and Chairman,,,,Noha Al Najashi,Senior Patent Specialist,nnajashi@kadasa.com.sa,leading independent Saudi Arabian law and consultancy firm,"
IP Registration, Enforcement &
Dispute, IP Management and
Strategy, Specialized Legal
Services","Kadasa Company for Legal Consultations and Intellectual Property, established in 1978 by Saudi attorney Nasser Ali Kadasa, is a licensed firm specializing in Saudi trademarks and IP services. With over 45 years of legal expertise, Kadasa represents local and international clients in complex IP portfolio registrations and maintains collaborations with companies across the MENA region, Latin America, Europe, and the global pharmaceutical sector.",,Unknown,"Riyadh, Saudi Arabia- Overseas HQ",4,
53,Salih El Amin Intellectual Property,صالح الامين للملكية الفكرية,iplaw@salihelamin.com,04-2868869,Dubai,"202, Bank of Sharjah Building, Al Garhoud Street, P.O. Box 30888, Dubai, United Arab Emirates.",,,+97142868869, Salih El Amin,Founder | Senior Partner,,,, Al Khateeb Balolh,Manager of government IP relations,,specialized boutique intellectual property (IP) law firm,"Patents, Copyrights, Trademarks, Designs, Domain Names
","Salih El Amin Intellectual Property, based in Dubai, UAE, is a full-service IP firm specializing in intellectual property law. The firm serves clients across the Middle East, Far East, and Africa, offering consultation, registration, enforcement, and comprehensive IP services. It is committed to accurate case assessment, high-quality execution, fast and cost-effective solutions, and the use of advanced technology to manage cases efficiently.",,Physical,"Dubai, UAE - Dubai (default – single office)",2,
50,ALSUWAIDI & COMPANY L.L.C,السويدي ومشاركوه ش.ذ.م.م,ip@alsuwaidi.ae,04-3211000,Dubai,"252 Emarat Atrium Building
Sheikh Zayed Road, PO Box 7273,Dubai, United Arab Emirates.",,,+97143211000,Mohammed R Alsuwaidi,"
Managing Partner",,,,Ali Alraeesi,"
Partner","
ali.alraeesi@alsuwaidi.ae",full-service Emirati law firm,"Corporate and Commercial, Dispute Resolution, Litigation, Corporate and Commercial Disputes","Alsuwaidi & Company is a UAE-based law firm with full rights of audience before all UAE and DIFC courts, experienced in arbitration, mediation, and cross-border matters. The firm focuses on client-centered, commercially driven legal solutions, combining expertise, innovation, and collaboration to deliver timely, cost-effective, and practical outcomes. Through its global network, including Multilaw and INBLF, Alsuwaidi & Company provides international reach while maintaining local depth, ensuring legal certainty and value for clients.",,Physical,"Dubai, UAE - Dubai (default – single office)",3,
49,AlRaqeem Intellectual Property,الرقيم للملكية الفكرية,info@alraqeem.ae,43213314,Dubai,"Suite 404, Saeed Tower2, Sheikh Zayed Road, Dubai, United Arab Emirates",,,+97143213314,,,,,,,,,specialized intellectual property (IP) agency and legal consultancy,"Trademark Registration, Copyright Registration, Patent Registration, International Trademark Registration, Industrial Design Registration, Logo & Brand Registration
","Al Raqeem Intellectual Property Agent, established in 2003 in the UAE, is a leading IP office specializing in trademarks, copyrights, and industrial designs. The firm serves clients from individuals to multinational corporations across the Middle East, Africa, Asia, Europe, and beyond, providing comprehensive IP services including searches, filings, oppositions, litigation, renewals, and translations.",,Physical,"Dubai, UAE - Dubai (default – single office)",,
43,Rouse & Company International,شركة راوز اند كومباني انترناشيونال,PatentsMENA@rouse.com,04-3098000,Dubai,"11th Floor, The Maze Tower, Sheikh Zayed Rd, Dubai, United Arab Emirates",,,+97143098000,,,Bassel ElTurk,Managing Partner MEA,belturk@rouse.com,Andrey Cherkasov,Legal Consultant,+97143098000,Global IP Firm,Brand strategy & Digital enforcement.,Global specialist; focus on strategic IP value. Premium.,,Physical,"London, United Kingdom- Overseas HQ        DIFC",5 star,
36,Emirates Advocates,الامارات للمحاماةوالاستشارات,ip@emiratesadvocates.com,+97143303838,Dubai,"Emirates Towers, Level 14, Dubai, United Arab Emirates",,,+97143303838,,,,,,,,,"Law Firmprominent, full-service domestic law firm","Trademark Registration, Enforcement & Litigation, Patents & Designs (R&D and Innovations), Copyright IP Audit and IP Transactions, Domain Names, Consumer Protection, Competition","Emirates Advocates are a leading Intellectual Property (IP) practice that consists of experienced attorneys and professionals with a specialty on trademark, copyright, patent and design. Our team routinely handles many of the most significant IP matters across the Middle East, representing major global and regional brands.",,Physical,"Dubai, UAE - Dubai (default – single office)",,
31,Emirates Intellectual Property,الامارات لخدمات الملكية الفكرية,info@emiratesip.com,43306339,Sharjah,"2201, Single Business Tower, Sheikh Zayed Rd, Dubai, United Arab Emirates",,,+97143306339,Ghaleb Bidawi,Managing Director,,,,Ziad Hassouneh,Chief Executive,,specialized boutique intellectual property (IP) agency and consultancy,"Trademark/Servicemark, Patent, Utility Model Registration and Protection, Design Registration and Protection, Copyright, Enforcement, Domain Name","This IP firm offers comprehensive services across the GCC, providing expertise in acquisition, protection, enforcement, and dispute resolution of intellectual property rights. With a dynamic team of professionals, global affiliations, and close proximity to UAE Trademark and Patent Offices, the firm delivers reliable, high-quality, and cost-effective IP solutions while prioritizing client satisfaction and strategic advisory services.",,Physical,"Dubai, UAE - Dubai (default – single office)",,
20,Smas Intellectual Property,سماس للملكية الفكرية,dubai@smas-ip.com,+971 4 3687393,Dubai,"The Prism, 22nd Floor, Business Bay, Dubai, United Arab Emirates",,,+97143687393,,,,,,,,,Regional IP Firm,Regional filings & Management.,"Strong presence in Egypt, KSA, and UAE. Corporate.",,Physical,"Dubai, UAE - Dubai (default – single office)",,
17,Altadamon for Patents & Trademark,التضامن للبراءات و العلامات,uae@stplegal.com,04-3355844,Dubai,"1705 Silver Tower, Business Bay, Dubai, United Arab Emirates",,,+97143355844,,,,,,,,,IP Consulting,"Consulting Services, Managed
Services, Support & Maintenance, Integrations",Administrative efficiency for high-volume filings. Value-based.,,Physical,"Dubai, UAE - Dubai (default – single office)",,
13,United Trademark and Patent,الخدمات المتحدة للعلامات التجارية,uae@unitedtm.com,06-5722742,Sharjah,"Buhaira Building 203, Buhaira Corniche/ United Trademark & Patent Services Suite 203, Al Buhairah Building Buhaira Corniche, (Al Majaz) Sharjah United Arab Emirates",,,+97165722742,Yawar Irfan Khan,Patent & Trademark Attorney,,,,Samar Kassem,,cairo@unitedtm.com,"leading, multi-jurisdictional intellectual property (IP) law firm and consultancy","Trademarks, Patents, Copyright, Industrial Design Trade, Dress Trade, Secret Geographical Indications, Plant Varieties, Domain Names, Litigation, Anti-Counterfeit,  Corporate Law, Legal Translation, FTO, Patent specification drafting, Franchising and Distributorship laws","United Trademark and Patent Services is a leading IP firm specializing in intellectual property rights and issues, serving clients across 189 jurisdictions. With over 60 years of heritage, the firm provides comprehensive services including searching, filing, registration, licensing, enforcement, litigation, anti-counterfeiting, and technology transfer, protecting clients’ IP assets and combating the growing risks of counterfeit products in the digital age.",,Physical,"Dubai, UAE - Dubai (default – single office)",5 star,
5,ABOU NAJA INTELLECTUAL PROPERTY,ابو النجا للملكية الفكرية,headoffice@abounaja.com,04-2822677,Dubai,"Office 101, Al Garhoud, Deira, Dubai, United Arab Emirates",,,+97142822677,,,,,,,,,full-service international intellectual property (IP) law firm,"Trademark Registration, Patent & Design Protection, Copyright","This firm offers expert trademark registration services in the UAE, backed by over 50 years of IP law experience. Leveraging deep legal expertise, tech-driven solutions, end-to-end support, and a multicultural team, the firm helps clients secure their brands efficiently across industries.",,Physical,"Dubai, UAE - Dubai (default – single office)",,
3,AI Tamimi & Company,التميمي و مشاركوه للمحاماة,patents@tamimi.com,04-3317161,Dubai,"Building 4, 6th Floor, DIFC, Dubai, United Arab Emirates",,"Office 36, Trade Centre 2
PO Box: 9275",+97143317161,Omar Obeidat,Partner,Rasha Al Ardah | Ahmad Saleh,"Partner | Partner, Head of Innovation, Patents
& Industrial Property (3IP) ",r.alardah@tamimi.com | ah.saleh@tamimi.com,,,,largest and most preeminent full-service domestic law firm,"Trademark registration and prosecution, global assignments, licensing and clearance projects, oppositions and objections, brand protection strategy, copyright registration and enforcement, anti-piracy programs, IP litigation and anti-counterfeiting, criminal and civil enforcement, customs protection and raids, IP audit/due diligence, IP transactions, licensing and franchising, IP acquisition, domain name and social media disputes, consumer protection and false advertising, labeling compliance, drafting IP manuals and guidelines, IP studies and filing trend insights, legislation drafting and public policy work.","Al Tamimi & Company is the only full-service IP practice in the Middle East and North Africa, handling complex IP cases across litigation, advisory, audits, transactions, and due diligence. With 40 IP experts and strong regional connections, the firm helps global brands like FIFA, Richemont, Johnson & Caterpillar protect and exploit their IP, combat piracy and counterfeiting, and stay ahead of regulatory changes.",,Physical,"Dubai, UAE- Declared HQ (Dubai) ",5 star,
2,SABA & CO. - T.M.P,سابا و شركاهم- تي أم بي,uae-patents@sabaip.com,009714-5539911,Dubai,"Tamani Arts Tower, 18th Floor, Business Bay, Dubai, United Arab Emirates",,,+97145539911,Maria Abdo,Head of Business Development ,Tariq Alalami | Munif Canawati,Manager| Business Development,talami@sabaip.com | ,,,,"leading ""super-regional"" intellectual property (IP) law firm and agency","Domain names, brand valuation, comparative advertising, food & drug administration compliance, company formation, due diligence, licensing & franchising, trademark commercialization, patent commercialization
","This firm is a regional leader in legal, patent, and technical translation services in Arabic, English, Farsi, French, and Greek. Its certified translators combine native language expertise with technical precision, ensuring accurate translation of patents, specifications, figures, prior art, and other critical documents for clients across the Middle East and North Africa.",,Physical,"Dubai, UAE- Declared HQ (Dubai) ",5 star,
,,,,,,,,,,,,,,,,,,,,,,,,,
ADDITONAL CONTACTS (ENRICHED LIST),,,,,,,,,,,,,,,,,,,,,,,,,
,Firm Name, Arabic Name, Email ,Phone, Emirate, Address ,,,,Registered Agent,Title of the Registered Agents,,,,Team Member,Title of the Team Member,Email of the Team Member,Firm Type ,Specialized in,Notes,Zone(Free Zone or Mainland),Type of Office,Headquarter,Rating,
,Abu-Ghazaleh Intellectual Property (AGIP),,"lebanon@agip.com
","Work: +961 1 753222 Ext 107
Fax +961 1 350 458",,"Sanayeh, Anis Tabbara Street, Halabi, Building, 1st Floor, Lebanon
P.O.Box 11-7381,",,,,Lydia Ghossoub,Deputy Manager,,,,Miled Dib,Office Manager,,,,,,Physical,"Amman, Jordan",,